experiment_id,max_genes,num_robots,topology,robot_speed,msg_limit,fitness_score_mean,fitness_score_std,cpu_util_core0_mean,cpu_util_core0_std,cpu_util_core1_mean,cpu_util_core1_std,latency_mean,latency_std,kbps_in_mean,kbps_in_std,kbps_out_mean,kbps_out_std,rssi_mean,rssi_std,gene_variance,gene_cosine_similarity,msg_variance,jitter_ms,success_migration_rate,error_rate
2507031106,10.0,3.0,0.0,0.0,0.0,39.52618421052631,30.392528323788408,14.083333333333334,24.06684632273216,42.06388888888889,39.07879086791101,13.849315068493151,8.605004530847692,0.9686111111111111,0.6523398057931329,0.9855555555555556,1.1895542671262362,-18.988636363636363,2.682083550544744,3.458001842644408,0.8783246985358528,0.2666666666666667,10.383253790623733,0.47368421052631576,0.0
2507031114,10.0,3.0,0.0,0.0,0.0,33.68276388888889,30.31342151658334,17.944444444444443,29.589338255681923,44.7,40.987381712059,15.710144927536232,8.876445414157715,1.007065868263473,0.7311348757094064,0.9967664670658684,1.2532354606508005,-20.520833333333332,2.3894866307521863,2.902267911680962,0.8851928149936139,0.0,10.037535154367372,0.3888888888888889,0.0
2507031141,10.0,3.0,0.0,0.0,0.0,20.71982716049383,39.72799990900313,12.614958448753463,21.287286191552145,41.67036011080332,38.51961163028176,13.16025641025641,7.31635092799488,1.1127325581395349,0.6688246463675955,1.1019767441860466,1.2689110492536475,-20.6625,2.145960945892298,1.524328448688366,0.8081193418271216,2.3999999999999995,9.721293957789152,0.38271604938271603,0.0
2507031144,10.0,3.0,0.0,0.0,0.0,19.62178947368421,40.8719003598599,34.870523415977964,42.5387348540709,57.231404958677686,41.810429915011596,12.11111111111111,6.737166177235683,0.9146527777777779,0.6197156049682637,0.9028472222222224,1.173926924492395,-20.74757281553398,2.268036408230185,1.0693514947275933,0.6641836144620821,2.3999999999999995,9.04231879147786,0.7719298245614035,0.0
2507031147,10.0,3.0,0.0,0.0,0.0,29.80363888888889,33.916509710021984,11.03888888888889,18.66755452855988,38.44722222222222,37.503982972219944,13.55072463768116,8.06639642565904,1.1438775510204082,0.7145565240059325,1.1406122448979592,1.216866751572214,-20.775641025641026,2.474304285574581,2.5129409727843464,0.8867826145187813,0.8,9.459001312782659,0.18055555555555555,0.0
2507031150,10.0,3.0,0.0,0.0,0.0,22.608986666666667,39.18260653329565,8.008287292817679,8.58313994068219,37.94198895027624,36.77632404737524,14.42361111111111,8.403778588289592,1.2269503546099292,0.703891167787435,1.2322695035460993,1.2148764597947084,-19.125,2.0020689085368457,1.5884310495843346,0.7968302329173341,0.0,11.06137428063896,0.14666666666666667,0.006944444444444444
2507031153,10.0,3.0,0.0,0.0,0.0,26.462084507042253,28.279690260349877,16.685082872928177,28.202772866538034,43.4060773480663,40.08292327895758,11.948529411764707,6.473100868856272,1.0495569620253165,0.6215681267770307,1.0458227848101267,1.2677806553386095,-20.978174603174605,1.938561281277908,2.105794575569637,0.7876928712596585,1.0666666666666664,8.712166390798846,0.30985915492957744,0.0
2507031156,10.0,3.0,0.0,0.0,0.0,25.485958904109587,33.76069989830317,16.757575757575758,28.12396918512034,44.21763085399449,40.06575421316795,14.228571428571428,7.011134881956755,0.9806896551724137,0.7363788813420615,0.9706896551724138,1.2734558080423815,-20.227642276422763,1.3131616716547012,2.056933009121145,0.8081792961382331,1.0666666666666664,9.309954456194543,0.3424657534246575,0.0
2507031159,10.0,3.0,0.0,0.0,0.0,23.923493506493507,28.360137198847564,17.413888888888888,28.876325015387703,43.15,39.782973219925005,12.58108108108108,6.694513454160724,0.9926966292134831,0.7477669416145808,1.0102247191011238,1.3574710430914696,-20.258,1.743922627019977,1.9949081959434578,0.8886827350380858,6.666666666666667,9.151192400832757,0.4025974025974026,0.0
2507031202,10.0,3.0,0.0,0.0,0.0,30.159905405405407,40.26011719224617,17.1900826446281,28.818055856759603,42.41046831955923,39.49843832916758,14.161971830985916,8.58717278909882,1.0124561403508772,0.6337348138152787,1.0089473684210526,1.2009168324201693,-20.15267175572519,2.0242692221477316,2.4993971420180623,0.8699804450816501,0.2666666666666669,10.535286570006116,0.581081081081081,0.0
2507031205,10.0,3.0,0.0,0.0,0.0,29.13672463768116,37.78427761722345,22.382271468144044,34.392313681717525,46.37950138504155,40.95305606254315,12.113636363636363,6.856932444889777,0.9178160919540229,0.7191499884354582,0.907816091954023,1.2560171248854246,-20.49576271186441,2.456672200800802,2.433253698037482,0.8591069777365238,5.6,8.375145225879544,0.3188405797101449,0.0
2507031208,10.0,3.0,0.0,0.0,0.0,26.427319444444446,33.73310428411528,17.252777777777776,28.926859896301043,43.06388888888889,39.848303247973995,13.492753623188406,8.253507440048928,1.1123489932885906,0.691490154765412,1.1090604026845639,1.2062138342327335,-19.96186440677966,1.1010033878648222,2.1173969210921775,0.8044607156976176,0.8,9.490403263027803,0.3888888888888889,0.0
2507031211,10.0,3.0,0.0,0.0,0.0,34.81439240506329,28.87910258141944,21.741666666666667,33.675866688394,46.40277777777778,40.801325734312854,13.703947368421053,7.312185978576519,1.0352023121387284,0.7872638734923958,1.067514450867052,1.3181713708282978,-19.48170731707317,2.228763792953862,3.014579980170382,0.8404950155744499,1.066666666666667,9.173345416391859,0.5189873417721519,0.0
2507031214,10.0,3.0,0.0,0.0,0.0,18.14945,34.08706950598617,27.18005540166205,38.317724952722294,50.62326869806094,41.6109882837767,13.701754385964913,8.120693357817807,1.0284328358208956,0.594653945588464,1.0336567164179107,1.2774125287033886,-19.0303738317757,2.08224476350832,1.3485125537117417,0.7848205920280883,5.599999999999999,10.399274968387312,0.36666666666666664,0.0
2507031217,10.0,3.0,0.0,0.0,0.0,23.79308,38.5802996652927,14.558333333333334,24.908902269194186,41.352777777777774,38.79071038687184,15.01388888888889,8.14380034575284,1.0832098765432099,0.7171801703003469,1.08,1.2411320218462556,-18.93548387096774,1.5561545029771686,1.948116295934135,0.8525848602729499,0.7999999999999998,9.178026845298696,0.3333333333333333,0.0
2507031220,10.0,3.0,0.0,0.0,0.0,28.106702702702698,32.38427219598779,8.030470914127424,8.65939836567193,37.49030470914128,37.43728890003484,17.330985915492956,9.410814535774819,1.1852054794520548,0.668641669076151,1.1734246575342466,1.214283633489403,-20.91393442622951,1.8976307792025668,2.260936265515855,0.8342170820521516,0.26666666666666633,11.381081828733025,0.13513513513513514,0.0
2507031223,10.0,3.0,0.0,0.0,0.0,24.218746666666664,27.9163748813494,11.208333333333334,18.63543925160549,40.105555555555554,38.42954660954627,16.23611111111111,8.96690582951556,1.049879518072289,0.7074238264609236,1.0539759036144578,1.2371986340203849,-20.414,1.791586519837799,1.4861345030422797,0.8775785938038119,0.8,9.683464386583168,0.22666666666666666,0.0
2507031226,10.0,3.0,0.0,0.0,0.0,25.33798611111111,36.32713252020657,10.227146814404431,16.036362669572313,38.091412742382275,37.22215526700245,17.405797101449274,9.594430928118879,0.8292610837438423,0.5956009909400093,0.825960591133005,1.1538769939864193,-18.954044117647058,2.4963310495906432,1.5613719607788596,0.9045144579618973,0.8,11.393081176955675,0.1388888888888889,0.0
2507031551,10.0,3.0,1.0,0.0,0.0,17.678819444444443,33.15822448751024,14.825484764542937,26.629662113482386,40.202216066481995,38.97763740015075,10.318840579710145,5.163482504778398,0.7119491525423729,0.8899555913962198,0.713135593220339,0.6632833367996975,-20.004807692307693,2.4007200638636967,1.3810361154207218,0.8116992985858794,80.3,6.671332761385123,0.19444444444444445,0.0
2507031554,10.0,3.0,1.0,0.0,0.0,35.75645070422535,31.396133639482578,11.218836565096954,20.40164154011995,40.526315789473685,39.087935052477086,11.382352941176471,7.505280552523055,0.6974358974358974,0.8795307858074235,0.6985470085470086,0.626695307583365,-21.908653846153847,3.0654737847332627,3.0747812851586223,0.8756129615599347,112.66666666666666,9.248497890963469,0.19718309859154928,0.014705882352941176
2507031557,10.0,3.0,1.0,0.0,0.0,20.839397260273973,34.51504223754386,10.7707182320442,19.26114237465931,39.37292817679558,38.286160272484096,10.442857142857143,6.06877423405532,0.6424427480916031,0.6474079579405073,0.6425954198473282,0.6114668212726855,-21.902985074626866,2.672090326297948,1.7076877931863876,0.8366768370262737,71.46666666666667,6.818750408730192,0.2191780821917808,0.014285714285714285
2507031600,10.0,3.0,1.0,0.0,0.0,38.7882205882353,36.64813603814002,14.588888888888889,26.28180023955039,43.41111111111111,40.1469152807714,8.984615384615385,4.725239106689165,0.7194545454545455,0.891642990599697,0.7208181818181817,0.6245763802068247,-21.908163265306122,3.348932462659672,3.359128228883306,0.8786176162509908,96.56666666666668,6.05709874275172,0.20588235294117646,0.0
2507031603,10.0,3.0,1.0,0.0,0.0,27.7152,34.23994086942951,13.806094182825484,25.064606885274042,41.91135734072022,39.9398562923367,9.791044776119403,4.89754828408403,0.6534399999999999,0.717963185326289,0.65384,0.6299805219723195,-21.459016393442624,2.7936611014449806,2.191601715299407,0.751629569008718,117.36666666666667,6.877909579839309,0.22857142857142856,0.0
2507031606,10.0,3.0,1.0,0.0,0.0,17.20747692307692,44.00970337575698,18.941666666666666,31.8595356828623,44.81388888888889,40.99033551953841,10.564516129032258,5.305799387376029,0.6517241379310345,0.6898194796776391,0.6519827586206897,0.6317638797051869,-20.775862068965516,3.15939480907161,1.2113721455872948,0.7163775957951686,89.46666666666667,7.784588417870135,0.24615384615384617,0.0
2507031609,10.0,3.0,1.0,0.0,0.0,24.141045454545456,40.809842090219746,20.41988950276243,33.39124973687757,44.71823204419889,40.55246113794942,9.698412698412698,4.91749648026153,0.7037614678899083,0.8803679670401566,0.704954128440367,0.6487646720715983,-20.598958333333332,2.9080498982983274,1.497722839370947,0.8050754576905665,60.7,7.0001889433550195,0.22727272727272727,0.0
2507031612,10.0,3.0,1.0,0.0,0.0,21.008999999999997,34.39359383053348,10.977839335180056,19.85711618277785,38.38227146814405,38.10027874414643,10.298507462686567,5.435614668966973,0.6586290322580646,0.7348981840628627,0.6591935483870968,0.6104797484029021,-20.558333333333334,2.783260596498754,1.658868848303699,0.8442190556177017,88.56666666666666,6.8150602540615,0.22857142857142856,0.0
2507031615,10.0,3.0,1.0,0.0,0.0,23.887287878787877,45.168344178967835,14.058011049723756,25.42926650387472,42.67955801104972,39.73132860771584,9.841269841269842,5.385782805313566,0.6457142857142858,0.651001277601094,0.645798319327731,0.631568528694891,-20.83606557377049,2.7029633606399006,1.8390596930588132,0.7698327059944793,83.1,7.767148860128941,0.22727272727272727,0.0
2507031618,10.0,3.0,1.0,0.0,0.0,26.75088732394366,35.25713537085155,13.218836565096954,24.051086364431146,41.26038781163435,39.20393700275333,9.338235294117647,4.916042256347927,0.647734375,0.6995388974497956,0.648125,0.6111996078450322,-21.003968253968253,2.9547979242529405,1.6770408142076707,0.8580788580971415,97.06666666666666,6.564732598212896,0.30985915492957744,0.0
2507031621,10.0,3.0,1.0,0.0,0.0,24.356281690140847,37.18482315184251,18.01388888888889,30.689700964331646,43.74444444444445,40.605599765069684,10.117647058823529,4.866974946237618,0.64796875,0.6479821609469755,0.648046875,0.6298594501309727,-21.174242424242426,2.8534627064760123,1.4425689437791758,0.6860083444209311,78.66666666666666,6.4487690268497815,0.39436619718309857,0.0
2507031624,10.0,3.0,1.0,0.0,0.0,21.685753424657534,34.4249366689407,12.148760330578513,22.383397491569596,40.476584022038566,38.77853791291648,10.657142857142857,5.72278870473183,0.7805,0.7039073845759867,0.8538,0.6125518407251401,-21.72265625,3.2953542296706027,1.471069996469177,0.847494301497202,128.66666666666669,7.70326513132449,0.3698630136986301,0.0
2507031627,10.0,3.0,1.0,0.0,0.0,25.602676056338026,32.472510918258514,7.406077348066298,8.557983204992693,38.50828729281768,37.287030530896004,9.014705882352942,3.8844990343704016,0.6236842105263158,0.6300835366504148,0.6237593984962405,0.6121504587081554,-20.25,2.4848022907753493,2.0437855896938752,0.8415281261108624,121.06666666666668,4.931718802372216,0.1267605633802817,0.0
2507031630,10.0,3.0,1.0,0.0,0.0,26.78495652173913,31.178090083863275,10.972375690607734,19.826513751188216,40.37292817679558,38.48799700277589,10.181818181818182,5.077579953266929,0.6339370078740157,0.6307228877089086,0.6340157480314961,0.6119410437451247,-22.546153846153846,3.590866317960266,1.8895546159756849,0.7979827338810296,94.79999999999998,7.460499465474412,0.21739130434782608,0.0
2507031633,10.0,3.0,1.0,0.0,0.0,25.552999999999997,39.25585468400133,13.022099447513812,23.760684909755117,39.35635359116022,38.9884928824979,9.838235294117647,5.161887581737608,0.6525984251968504,0.7482712484569626,0.6532283464566928,0.6108761362119786,-21.2625,2.726760432752961,2.0288067090824193,0.856029773084819,86.66666666666667,7.039334133496162,0.18309859154929578,0.0
2507051351,10.0,3.0,1.0,0.0,1.0,24.022135135135134,35.12978830086625,7.002770083102493,8.617971730620216,37.177285318559555,37.77258903768755,9.2,4.897778608115892,0.61,0.6145353784309602,0.6279411764705882,0.614269518423523,-19.205882352941178,3.501877520353608,1.8672558308360447,0.8449940366911363,16.56666666666667,6.797559754977964,0.12162162162162163,0.0
2507051354,10.0,3.0,1.0,0.0,1.0,25.49207042253521,28.472438439065918,11.044077134986226,20.96651465843121,39.11570247933884,38.55458713584032,9.942857142857143,5.133184180597143,0.601159420289855,0.6144043893261085,0.6188405797101448,0.6144043893261085,-18.220588235294116,3.637850631795007,1.4991435657522008,0.8676552539758505,18.166666666666664,7.664879492504462,0.11267605633802817,0.0
2507051357,10.0,3.0,1.0,0.0,1.0,21.89001515151515,29.954777615852052,14.458563535911603,26.700653008139128,42.76519337016575,39.66211312166214,10.235294117647058,4.299815524791392,0.638,0.6504306265851877,0.6381538461538461,0.6140920439653474,-18.575757575757574,4.274965665288312,1.8009779692716215,0.7402903087677399,18.26666666666667,5.287495173535707,0.19696969696969696,0.0
2507051400,10.0,3.0,1.0,0.0,1.0,29.472,36.29204832506112,12.621546961325967,23.859070990179156,39.290055248618785,38.970211800209306,8.545454545454545,3.905852252477277,0.6192307692307693,0.6509759684799904,0.6193846153846153,0.6146743978600502,-20.203125,3.563048203434806,2.2785353924491916,0.8315865404461052,13.9,5.439169925396865,0.16901408450704225,0.0
2507051403,10.0,3.0,1.0,0.0,1.0,21.222304347826086,39.202136784613415,17.03314917127072,30.119779450636287,43.629834254143645,40.580838162995505,10.71875,5.560426851797759,0.6293548387096775,0.688638168970533,0.6296774193548387,0.6146596225659396,-19.2,3.042373166256667,1.6067738805262823,0.5596041557789896,22.666666666666668,8.553653446210134,0.2318840579710145,0.0
2507051406,10.0,3.0,1.0,0.0,1.0,23.56384285714286,40.749642970121094,11.030303030303031,20.970425548805014,39.917355371900825,38.62604110635929,9.606060606060606,5.012106555253203,0.6003174603174604,0.614822209428343,0.639047619047619,0.614202116270643,-19.911290322580644,3.63464142379546,1.770779625865521,0.6823559685740462,21.1,7.146055029011078,0.14285714285714285,0.0
2507051409,10.0,3.0,1.0,0.0,1.0,20.90950684931507,36.181949154824615,8.814917127071823,15.439686913521687,38.68508287292818,37.8313834253622,12.030303030303031,5.736314411737125,0.6709999999999999,0.6120643037005234,0.6506666666666666,0.6137792532754853,-19.53787878787879,3.7666926453917733,1.4239236538023567,0.7682850305450888,10.7,8.555068897259604,0.2191780821917808,0.0
2507051412,10.0,3.0,1.0,0.0,1.0,21.311370967741937,44.240926850944454,23.29639889196676,36.3181652329091,46.94182825484764,41.821637753990174,10.033333333333333,5.10228706888718,0.6201694915254237,0.6550611751516924,0.6203389830508474,0.615147770589325,-19.060344827586206,3.6084320722031653,1.5821634128511148,0.5898668412049373,6.8,7.72274044181484,0.27419354838709675,0.0
2507051415,10.0,3.0,1.0,0.0,1.0,21.93291780821918,33.026322389099064,8.085872576177286,13.002386314115414,37.038781163434905,37.535814640587354,12.029411764705882,7.501455592558696,0.669032258064516,0.6120931828701648,0.669032258064516,0.6120931828701648,-19.720588235294116,3.95656565277336,1.7710574241482977,0.8740200185515236,19.066666666666666,9.548869420418072,0.2054794520547945,0.0
2507051418,10.0,3.0,1.0,0.0,1.0,23.406352941176472,41.9676608673815,14.160220994475138,26.330559391052876,41.389502762430936,39.87411215626857,12.0,5.724874981026843,0.64,0.6143180500902334,0.64,0.6143180500902334,-18.8359375,3.298710265440507,1.8385559857142852,0.7468333493932876,14.666666666666668,6.8741511719736055,0.19117647058823528,0.0
2507051421,10.0,3.0,1.0,0.0,1.0,17.395577464788733,31.959489956891176,8.15977961432507,13.853488778373173,36.917355371900825,37.08201752771614,9.647058823529411,4.423644137018753,0.618955223880597,0.6497741666623037,0.6191044776119402,0.6145353784309602,-19.083333333333332,3.2311150036274885,1.3335587353523126,0.8265586637634085,18.266666666666662,5.335187303319825,0.09859154929577464,0.0
2507051424,10.0,3.0,1.0,0.0,1.0,29.905457142857145,34.16643210015729,12.101928374655648,22.924282564078833,40.0,39.15058052955416,10.818181818181818,6.064520516158644,0.639047619047619,0.6142021162706429,0.639047619047619,0.6142021162706428,-18.196969696969695,3.3288262616578574,2.3892545378683834,0.8093837257291573,13.1,7.673089003198178,0.17142857142857143,0.0
2507051427,10.0,3.0,1.0,0.0,1.0,25.653285714285715,36.898852317544595,10.265193370165745,19.35844576048587,37.22099447513812,38.24988260413211,11.264705882352942,6.036800394396235,0.7020338983050848,0.8210165684854629,0.703050847457627,0.6080359966581157,-18.910714285714285,3.4994803091119735,1.967417049685268,0.8071529088529245,17.06666666666667,6.948985288131009,0.11428571428571428,0.0
2507051430,10.0,3.0,1.0,0.0,1.0,18.939085714285714,40.54944734974027,10.643646408839778,19.89731467472957,40.35635359116022,38.776261064263714,11.176470588235293,7.6335407735554135,0.6281818181818182,0.6840758147162641,0.6284848484848484,0.614392113391496,-18.8359375,3.0017531000045783,1.338994401185365,0.793335062934664,19.066666666666666,9.490185786606297,0.22857142857142856,0.0
2507051433,10.0,3.0,1.0,0.0,1.0,25.44028813559322,39.05844335274622,24.831024930747922,37.5861489159968,48.85872576177285,42.07802920414811,11.678571428571429,5.8944642669804175,0.621090909090909,0.6155204745136058,0.621090909090909,0.6155204745136058,-17.160714285714285,3.837687313388614,2.101083418503066,0.7317622228714107,8.266666666666667,7.007022355468453,0.22033898305084745,0.0
2507051436,10.0,3.0,1.0,0.0,1.0,26.650013698630136,28.46401456005125,8.544198895027625,14.671074375030342,37.270718232044196,37.78564229269676,8.86111111111111,3.5629263877386586,0.6360869565217392,0.7117588351304038,0.6365217391304349,0.6138878659987183,-18.25,3.2076568550890867,1.7579742113779424,0.8623694834206443,26.4,4.756386618458871,0.136986301369863,0.0
2507051641,10.0,3.0,0.0,0.0,1.0,26.598930555555555,38.93033110437821,12.972222222222221,23.848040407120912,40.25,39.49843972800794,17.46969696969697,9.446561762754168,0.875,0.6081235776668141,0.8716304347826088,1.171857056479922,-18.48828125,3.0771913367253374,2.079983334075105,0.8794167376533187,0.0,11.675754875092487,0.20833333333333334,0.0
2507051644,10.0,3.0,0.0,0.0,1.0,26.035138888888888,37.0345936390371,15.326869806094184,27.377476009936856,41.93628808864266,39.68723327560552,15.352941176470589,9.010383240780712,0.8378787878787879,0.594509354773162,0.8345454545454546,1.1597697455567295,-18.294776119402986,2.519591933175709,2.2196080049760467,0.8568507187337109,0.266666666666667,12.83744785778376,0.3194444444444444,0.0
2507051647,10.0,3.0,0.0,0.0,1.0,34.09307246376812,36.32372777874914,12.457063711911358,22.915156585855197,38.77562326869806,38.60241880320039,16.102941176470587,10.489710247243009,0.8473684210526315,0.6177984428706809,0.8696842105263158,1.171075567298075,-17.84375,1.9722781123312578,2.866688556311399,0.8556859498100979,0.2666666666666666,13.579828045888926,0.14492753623188406,0.0
2507051650,10.0,3.0,0.0,0.0,1.0,29.050830985915493,35.77739741711874,13.269444444444444,24.286753951851935,40.02777777777778,39.0557676494961,15.235294117647058,8.566016937927476,0.999277108433735,0.5431093478645698,0.995421686746988,1.2022583436557233,-18.5,2.0229453013632597,2.4689795955203704,0.7387587684011804,1.0666666666666669,12.43222829452675,0.18309859154929578,0.0
2507051653,10.0,3.0,0.0,0.0,1.0,21.201291666666666,39.23147301375804,9.841666666666667,17.531664548423237,39.669444444444444,38.65559896272235,14.617647058823529,7.93824938738132,1.1049333333333333,0.6974691184354842,1.0854666666666668,1.2079816686157583,-18.576271186440678,2.7824318923443165,1.6913280041724619,0.7714660102523777,0.266666666666667,10.762495058482429,0.125,0.0
2507051656,10.0,3.0,0.0,0.0,1.0,24.08826388888889,34.396710248032846,9.65650969529086,16.828333184957252,37.64265927977839,37.87864038416679,17.397058823529413,8.974490724140406,0.8213861386138613,0.5750565706136577,0.8180198019801981,1.154044210420017,-18.419117647058822,2.468624449469735,1.9839026536161315,0.80607618552258,0.2666666666666666,11.031826892065121,0.3472222222222222,0.0
2507051659,10.0,3.0,0.0,0.0,1.0,21.83761971830986,38.634530623844114,17.814917127071823,30.64290799033142,45.950276243093924,40.443014352243566,15.666666666666666,7.648696889180804,0.8655913978494624,0.6115775438152646,0.8622580645161292,1.1689703096540711,-18.76953125,2.2762161791547917,1.5695735255050758,0.785827283699162,0.0,8.962387392570532,0.4507042253521127,0.0
2507051702,10.0,3.0,0.0,0.0,1.0,39.51615714285714,33.31333168073407,15.784530386740332,28.05185114793574,42.21270718232044,39.81955913371933,15.632352941176471,8.80790759329824,0.8463265306122448,0.6165507441513737,0.8430612244897959,1.1626173885200615,-19.40909090909091,1.628848321098945,3.276921284087474,0.8643763320625265,0.2666666666666668,10.5176702686465,0.2,0.0
2507051705,10.0,3.0,0.0,0.0,1.0,28.412661971830985,34.127553375930155,13.986187845303867,25.46111754728885,41.59668508287293,39.638991269583045,18.176470588235293,13.779653155601354,0.8216326530612245,0.5750530121283055,0.8182653061224491,1.1543061695281414,-19.568181818181817,2.9347210110311,2.3983441857188246,0.8517923756826391,0.266666666666667,11.376910564589187,0.22535211267605634,0.029411764705882353
2507051708,10.0,3.0,0.0,0.0,1.0,23.159084507042255,34.833105056928844,13.62809917355372,24.867871470227424,40.84022038567493,39.70765866753381,16.33823529411765,8.94529025436599,0.9280681818181818,0.714578660445771,0.9388636363636365,1.189985445499888,-19.208333333333332,2.341666917988607,1.79591008081408,0.7918391658457752,0.2666666666666668,12.574835286332181,0.2535211267605634,0.0
2507051711,10.0,3.0,0.0,0.0,1.0,23.076708333333336,35.902362253261785,9.030555555555555,15.46698018404427,36.90555555555556,37.582769895329186,17.41176470588235,9.480908222313397,1.1508333333333334,0.7034537533474333,1.1475,1.221636803175657,-19.29741379310345,2.0623275560827725,1.8795980725061832,0.8367914140676017,0.2666666666666668,12.944140300602859,0.3333333333333333,0.0
2507051714,10.0,3.0,0.0,0.0,1.0,36.8322602739726,36.35006553028917,9.383333333333333,16.176524481163856,38.797222222222224,38.30257041427445,14.691176470588236,8.651213965269323,0.85125,0.6157139629816155,0.8606250000000001,1.1682725101168547,-19.034615384615385,2.19946589889105,3.1506184576357175,0.8654636480846379,0.266666666666667,11.733789834178781,0.1780821917808219,0.0
2507051722,10.0,3.0,0.0,0.0,1.0,24.76146575342466,36.09254372176944,9.21111111111111,15.437893865651443,38.56944444444444,38.100521782991116,15.5,8.457973364396214,0.8729473684210526,0.6324721399704069,0.8696842105263158,1.171075567298075,-19.91923076923077,2.6014973499003338,1.906930608685195,0.8891113952025892,0.266666666666667,11.877389996587675,0.1780821917808219,0.0
2507051725,10.0,3.0,0.0,0.0,1.0,35.60832835820895,40.578990360884156,17.933333333333334,30.69131059373326,43.516666666666666,40.46539496180708,15.333333333333334,8.400244196694674,0.8301030927835051,0.5718618984753531,0.8267010309278352,1.1572621440724196,-19.647727272727273,2.597697676170807,2.9940568853512706,0.7517434426129614,2.4,10.247593449041632,0.22388059701492538,0.0
2507051728,10.0,3.0,0.0,0.0,1.0,25.660555555555554,35.76811469825175,7.221606648199446,8.639102234116185,38.11080332409972,37.89039631574191,15.097222222222221,7.423145611317562,1.1697333333333333,0.7047444875930516,1.1664,1.2222029733673978,-20.37295081967213,2.215768748660605,1.9728922625173857,0.8863063952053405,0.0,11.036939635358328,0.08333333333333333,0.0
2507101002,10.0,3.0,0.0,1.0,1.0,30.6915303030303,32.46896771106444,23.53314917127072,36.17945814571162,47.40331491712707,41.71679733772258,10.983870967741936,5.7073203941463095,0.8089130434782609,0.5798170543639561,0.8188043478260869,1.1548815099216505,-17.75409836065574,3.4407157090006635,2.4954426547017987,0.8517513606136157,1.0666666666666669,6.139711787670187,0.2727272727272727,0.0
2507101005,10.0,3.0,0.0,1.0,1.0,26.00027777777778,31.709090811481285,12.444444444444445,22.946157693475417,40.202777777777776,39.14768114892204,10.803030303030303,6.043991795976963,0.8655913978494624,0.6115775438152644,0.8622580645161292,1.1689703096540713,-19.86328125,3.0821843700647475,2.080343588247564,0.891709517278339,0.8,7.810766449872542,0.3055555555555556,0.0
2507101008,10.0,3.0,0.0,1.0,1.0,23.830212121212124,43.088714294514666,14.016620498614959,25.477980704315392,41.53185595567867,39.33113989846375,10.640625,5.4463244850839905,0.8176595744680851,0.5766410439927262,0.8272340425531916,1.1576351536370042,-19.821428571428573,3.4885840815450067,1.8483484454200587,0.8683485159323584,1.8666666666666665,6.2629475953538085,0.13636363636363635,0.0
2507101011,10.0,3.0,0.0,1.0,1.0,20.388324324324326,42.282287083560895,11.980555555555556,21.990429919559208,39.27777777777778,38.677014912130346,10.794117647058824,5.056571971736936,0.8823404255319148,0.6036277880616887,0.878936170212766,1.173859059962542,-19.859848484848484,2.789447418354915,1.5295752373258238,0.8211092085549017,0.2666666666666666,6.317146728041809,0.20270270270270271,0.0
2507101014,10.0,3.0,0.0,1.0,1.0,30.697485294117648,34.75050918535686,14.67403314917127,26.637794984547554,42.389502762430936,39.674090574453814,10.78125,6.142407237123461,0.8485869565217391,0.5924109457287289,0.8452173913043479,1.1637033327816788,-18.706349206349206,3.3990450753814905,2.5998559388027345,0.8355546387700218,0.266666666666667,5.541070133629808,0.25,0.0
2507101019,10.0,3.0,0.0,1.0,1.0,20.319944444444445,33.39026670900187,9.011111111111111,15.46529545998071,37.97222222222222,37.90891158053307,10.75,5.472795678381702,0.9984337349397591,0.739346253625806,0.995421686746988,1.202258343655723,-16.550847457627118,3.1553798001549964,1.2840509443652453,0.846255496167121,0.2666666666666666,8.089208605287999,0.1111111111111111,0.0
2507101022,10.0,3.0,0.0,1.0,1.0,30.1265,37.03313064832545,9.808333333333334,17.53879702585688,38.4,38.5928103916724,14.514285714285714,8.381731095010643,1.0533333333333332,0.6868624316411547,1.05,1.211244195032529,-18.197580645161292,3.091546212689213,2.4048711211506224,0.8681415756227807,0.2666666666666668,8.599083384926884,0.3,0.0
2507101025,10.0,3.0,0.0,1.0,1.0,20.59887837837838,31.019210694917604,10.616666666666667,19.35672311640102,39.84444444444444,38.98014954032782,10.455882352941176,6.27345467331927,0.8465306122448979,0.5651659769726557,0.8430612244897959,1.1626173885200612,-17.113970588235293,3.2330019965304375,1.158406546933401,0.8433355299676091,0.266666666666667,8.199036298815647,0.16216216216216217,0.0
2507101028,10.0,3.0,0.0,1.0,1.0,28.133902777777777,31.971257127966165,16.058171745152354,28.436858827611967,42.64265927977839,40.04216191324297,10.911764705882353,6.345136330157767,0.8378787878787879,0.594509354773162,0.8345454545454546,1.1597697455567293,-17.791044776119403,3.5324783704020986,2.4335454253129383,0.786194871755294,0.266666666666667,8.445214769852345,0.25,0.0
2507101031,10.0,3.0,0.0,1.0,1.0,25.294367647058824,31.88429598009654,13.390581717451523,24.64424250869422,42.66759002770083,39.62035499600217,12.32258064516129,8.217881729274312,0.9333333333333332,0.6464634560437271,0.9299999999999999,1.188460138161983,-17.625,3.025567222446703,2.019269227575152,0.8169803204849838,0.2666666666666668,10.33632227043669,0.27941176470588236,0.0
2507101034,10.0,3.0,0.0,1.0,1.0,14.71241095890411,30.06743885503035,14.311111111111112,25.907331941830016,41.67777777777778,39.165694094880614,11.4,7.837849453642945,0.8094230769230768,0.5792727729504492,0.8177884615384616,1.1537974084176983,-17.931159420289855,3.498656269884148,1.0429541129808138,0.7790447040699489,0.266666666666667,9.048913465619584,0.273972602739726,0.0
2507101037,10.0,3.0,0.0,1.0,1.0,26.207297297297295,33.0536793113867,8.277008310249307,13.01241919272327,36.92520775623269,37.56664376697832,11.102941176470589,5.769553918146411,0.9535632183908045,0.5069699706979907,0.9496551724137932,1.1925451074067088,-18.261029411764707,3.713989744199297,1.6918908151611007,0.8960658063787929,0.2666666666666666,8.253973414213451,0.14864864864864866,0.0
2507101040,10.0,3.0,0.0,1.0,1.0,27.78994594594595,28.243491486834646,8.370165745856353,12.97562148342188,40.24309392265194,38.09161604030199,11.971428571428572,7.227105637848467,0.8624242424242424,0.6095366103904736,0.8590909090909092,1.1676149516534446,-18.386029411764707,3.5890676208705985,2.3787097116538027,0.8318402627175904,0.266666666666667,9.718566772542095,0.24324324324324326,0.0
2507101043,10.0,3.0,0.0,1.0,1.0,22.438450704225353,34.280614321378586,11.347222222222221,21.007068529321387,41.58888888888889,39.080987104723214,12.681818181818182,6.827904489686402,1.1169444444444445,0.7285981888625387,1.1137500000000002,1.2192706634313093,-17.669642857142858,3.6238186610689676,1.769129816913329,0.8274899337552035,0.0,7.111186335610512,0.28169014084507044,0.0
2507101046,10.0,3.0,0.0,1.0,1.0,27.560985915492957,35.613512668445296,11.458333333333334,20.99073777701485,39.05,38.404209234250345,12.228571428571428,7.038551046071723,0.837156862745098,0.5939569898936501,0.8338235294117649,1.1593562946975133,-17.514492753623188,2.861985908745617,2.3783890205387466,0.8283937357464365,0.2666666666666666,8.715969193554137,0.15492957746478872,0.0
2507101049,10.0,3.0,0.0,1.0,1.0,35.431445945945946,34.03309762051822,10.848066298342541,19.870400295031523,39.30386740331492,38.331495284010664,12.166666666666666,6.6461864908979855,0.8655913978494624,0.6115775438152644,0.8622580645161292,1.1689703096540711,-17.24609375,3.542119631397974,3.1686714383407075,0.8665214819059228,0.0,8.433731955678539,0.28378378378378377,0.0
2507101052,10.0,3.0,0.0,1.0,1.0,13.475249999999999,37.82625365832499,10.344444444444445,18.777489700906695,37.766666666666666,37.692214899987654,12.102941176470589,6.291761269873895,0.9967073170731707,0.5114734340832962,1.007560975609756,1.204528042379275,-17.556818181818183,3.010812391820729,0.8967746110319118,0.8522889669593168,0.2666666666666668,8.381888091196501,0.1527777777777778,0.0
2507101121,10.0,3.0,1.0,1.0,1.0,22.454267605633802,35.623041804410704,8.947513812154696,16.010557697677722,38.23480662983425,38.37694084299399,8.2,4.963395422253506,0.6188405797101448,0.6144043893261085,0.6188405797101448,0.6144043893261085,-17.435714285714287,3.449394052254844,1.8103786070362926,0.7752354919053738,17.766666666666666,6.118532728178196,0.1267605633802817,0.0
2507101124,10.0,3.0,1.0,1.0,1.0,35.325630136986305,34.461268038878266,8.53867403314917,14.685810001884704,37.32044198895028,38.03602421066432,9.277777777777779,4.820261469559576,0.6971428571428572,0.6085928470301153,0.6971428571428572,0.6085928470301153,-17.743055555555557,3.7304184517821626,3.0313237576131677,0.7970013209885962,22.800000000000004,6.27432491710569,0.1917808219178082,0.0
2507101127,10.0,3.0,1.0,1.0,1.0,26.693267605633803,36.157801598373815,7.944598337950138,13.017604742847167,38.4404432132964,37.860818559894305,8.235294117647058,3.9316803681039545,0.6378461538461538,0.6848437146251241,0.6381538461538461,0.6140920439653477,-15.8984375,3.6504857028805757,1.4810733352589451,0.7948354770633507,13.466666666666669,5.573021097040468,0.1267605633802817,0.0
2507101130,10.0,3.0,1.0,1.0,1.0,20.1049,44.49197403608362,7.939226519337017,13.002733889330592,38.613259668508285,37.71506588732537,9.088235294117647,3.7527173755206724,0.6580952380952381,0.6860025795654902,0.6584126984126983,0.6129600480303025,-17.6953125,3.4016921637051323,1.4799694926956855,0.7455304176915539,19.866666666666667,5.358820959761009,0.15714285714285714,0.0
2507101133,10.0,3.0,1.0,1.0,1.0,23.69792957746479,39.7028432610217,7.066481994459834,8.612394884398519,39.21606648199446,37.85290047650849,8.4,4.857983120596447,0.6283333333333333,0.6501682228075423,0.6469696969696969,0.6135444807321061,-17.954545454545453,4.368501667412045,1.9423257515028092,0.7153634822781034,14.566666666666668,6.922069236167165,0.19718309859154928,0.0
2507101136,10.0,3.0,1.0,1.0,1.0,27.28776119402985,37.43353955976393,14.46132596685083,26.249387728700995,40.8232044198895,39.76407867835181,8.06060606060606,3.904639819652015,0.6193846153846153,0.6146743978600502,0.6193846153846153,0.6146743978600502,-17.40909090909091,2.9815960109859407,2.0721881073020563,0.8339349772541206,9.1,5.011630261177701,0.1044776119402985,0.0
2507101139,10.0,3.0,1.0,1.0,1.0,32.97477777777778,35.573263599293945,8.303867403314918,13.868253727706799,36.93370165745856,37.9770454375481,9.147058823529411,4.335423875269075,0.6478125,0.6854901357353556,0.648125,0.6136202098242542,-18.5390625,4.11189726193906,2.4820883649339374,0.8042579907126935,9.866666666666667,6.0637799419165574,0.1388888888888889,0.0
2507101142,10.0,3.0,1.0,1.0,1.0,29.118149253731342,38.42466688535,17.559556786703602,30.735745093777734,43.54570637119114,40.19202159097123,8.848484848484848,4.9315388833077,0.6006153846153846,0.6146743978600502,0.6193846153846153,0.6146743978600502,-18.1640625,4.029432729926137,2.2509937757490563,0.7962569108173568,15.1,7.0474639804042,0.19402985074626866,0.0
2507101145,10.0,3.0,1.0,1.0,1.0,18.51830882352941,37.01458673431542,12.03581267217631,22.937492194302898,40.70798898071625,39.27172118931315,7.606060606060606,3.1517791993114175,0.639047619047619,0.6142021162706429,0.639047619047619,0.6142021162706429,-17.227272727272727,3.453578101700533,1.2890057654660836,0.8431182278488507,12.7,4.4859522503010965,0.16176470588235295,0.0
2507101148,10.0,3.0,1.0,1.0,1.0,20.06452112676056,37.09246421188893,14.18005540166205,26.363447780702188,41.340720221606645,39.38609072773247,9.727272727272727,4.8815515417278394,0.6290625,0.6145219299430675,0.6290625,0.6145219299430674,-15.719696969696969,3.0801516651462206,1.5209419479151367,0.6942495426064671,1.9,5.566485607977543,0.23943661971830985,0.0
2507101151,10.0,3.0,1.0,1.0,1.0,27.572589041095892,35.487301971908686,9.238888888888889,16.922521753408493,35.75,37.2903797701006,9.382352941176471,4.572743396986984,0.7020338983050848,0.8210165684854629,0.6823728813559322,0.6108906414438051,-15.741071428571429,3.7314244517547754,2.2158811370069724,0.8234549826400146,19.866666666666667,6.414420321365871,0.0958904109589041,0.0
2507101224,10.0,3.0,1.0,1.0,1.0,16.95543661971831,26.631882028196628,11.35,21.56495015549337,39.87222222222222,38.80765087757459,8.470588235294118,4.343126189513634,0.6378461538461538,0.6848437146251242,0.6381538461538461,0.6140920439653477,-17.171875,4.055282049377084,1.3706476885595675,0.7118751164640772,1.466666666666667,5.7197109176313745,0.16901408450704225,0.0
2507101227,10.0,3.0,1.0,1.0,1.0,23.78650704225352,42.36265603263369,10.282548476454293,19.38535959998061,38.066481994459835,37.79367982260662,8.441176470588236,3.636441621267161,0.6191044776119402,0.6145353784309603,0.6191044776119402,0.6145353784309603,-16.860294117647058,3.3800838122064527,1.831035047776079,0.8112035117704247,17.866666666666667,3.7332923894776386,0.15492957746478872,0.0
2507101248,10.0,3.0,1.0,1.0,1.0,25.327628571428573,36.11696453098607,6.856749311294766,8.587951048765188,37.33608815426997,37.227277071199474,9.484848484848484,6.057646057469499,0.6703333333333333,0.7576591216587893,0.6506666666666666,0.6137792532754853,-15.310344827586206,3.801817688157884,1.912274334884527,0.7196456500719309,5.1,8.907251900836439,0.08571428571428572,0.0
2507101251,10.0,3.0,1.0,1.0,1.0,27.155805970149256,34.83408804658935,16.174515235457065,29.23164217553025,41.77562326869806,40.02391040521084,7.757575757575758,3.0107131944763417,0.6701666666666667,0.7898755355003223,0.6709999999999999,0.6120643037005236,-16.455357142857142,3.638816944642003,2.2760262832831333,0.7558255805210969,13.099999999999998,3.720884450902499,0.11940298507462686,0.0
2507101254,10.0,3.0,1.0,1.0,1.0,32.44105714285714,26.330084177766718,11.15,21.032002409380553,39.78888888888889,38.874770572478354,9.382352941176471,3.869184440588755,0.61,0.6145353784309603,0.61,0.6145353784309603,-17.205882352941178,3.4451715158491796,2.5875656705824626,0.6867656363326828,10.666666666666668,5.627947992370522,0.14285714285714285,0.0
2507110952,10.0,3.0,1.0,1.0,0.0,18.325205479452055,31.665656178596404,9.497222222222222,16.14885468331397,40.675,38.41298001231071,8.742857142857142,4.389333957218534,0.6680952380952381,0.6096513289226416,0.6777777777777777,0.6086429349152277,-18.065217391304348,2.9666194906064445,1.4095352689648046,0.8696661244129169,41.866666666666674,5.309070219677162,0.2328767123287671,0.0
2507110956,10.0,3.0,1.0,1.0,0.0,28.16741095890411,31.10130471487742,11.99168975069252,21.942790202228924,40.65096952908587,38.83655287657725,9.228571428571428,4.488863606786383,0.6427906976744187,0.6825011180670627,0.661860465116279,0.6467137690879224,-16.37109375,2.819290193899988,1.6429099266475014,0.8724051234891403,97.46666666666665,6.685075489603135,0.1643835616438356,0.0
2507110959,10.0,3.0,1.0,1.0,0.0,14.829546875,33.80888936825978,24.515151515151516,36.96588940823923,48.184573002754824,41.39549958219747,8.967213114754099,6.3874022187290755,0.6525438596491228,0.672032725977665,0.6526315789473685,0.6523803286068924,-18.70258620689655,3.176274746360556,1.0040792643192484,0.7890784394264981,46.16666666666667,6.804867475910317,0.296875,0.0
2507111002,10.0,3.0,1.0,1.0,0.0,33.131121621621624,30.339678025378507,7.3988919667590025,8.581077301699416,37.770083102493075,37.33831502839599,10.014084507042254,9.078220338097234,0.7165546218487394,0.8292976781230741,0.7176470588235293,0.6029654203233241,-17.68421052631579,3.597036948938678,2.8650969929616346,0.8289805773915633,60.56666666666668,9.499348702990263,0.16216216216216217,0.014084507042253521
2507111005,10.0,3.0,1.0,1.0,0.0,23.4652027027027,36.28025176015551,11.447513812154696,20.909613076513484,39.151933701657455,38.45617153610628,10.183098591549296,5.197004244630965,0.7034146341463414,0.7793332893247024,0.7042276422764228,0.6051432673208385,-16.827868852459016,3.6715519492235162,1.389716979298176,0.8889167564202538,92.56666666666665,6.880092863248888,0.25675675675675674,0.0
2507111008,10.0,3.0,1.0,1.0,0.0,22.613159420289854,36.5865415530417,19.201657458563535,32.0384239104158,45.56077348066298,40.90679775351722,9.075757575757576,5.05146012725523,0.6605000000000001,0.722020798601706,0.6708333333333333,0.6861028456768988,-17.775,2.884683397720579,1.7990451995456564,0.8680653775441075,4.4,6.380117637959995,0.3333333333333333,0.0
2507111011,10.0,3.0,1.0,1.0,0.0,23.66831506849315,39.95802214021218,10.5,18.72807910799207,39.480555555555554,38.59004821735156,9.585714285714285,3.972707094200968,0.6933333333333334,0.810776461144103,0.6943089430894308,0.6066166333339353,-17.780172413793103,3.3351127661196753,1.9693754019880858,0.8908765858290673,54.266666666666666,5.34270270428988,0.3013698630136986,0.0
2507111128,10.0,3.0,1.0,1.0,0.0,27.924342857142857,36.11475717237867,13.349030470914128,24.20961827689479,41.61772853185595,39.48161479788185,9.283582089552239,5.930930659632714,0.6388888888888888,0.6490611339123267,0.639047619047619,0.6117403744353365,-16.40625,3.0258476445872104,1.7410863971878174,0.8424336321673078,25.366666666666667,5.977895338020929,0.21428571428571427,0.014925373134328358
2507111131,10.0,3.0,1.0,1.0,0.0,23.46813698630137,38.20529310271427,8.397222222222222,12.987480281911592,38.041666666666664,37.61535183396951,7.6571428571428575,3.1709081325533814,0.7907407407407406,0.5853247420464835,0.7907407407407406,0.5853247420464838,-16.99642857142857,2.5411443477837485,1.4396192792923312,0.8268444010319047,26.666666666666668,4.625935274062198,0.1780821917808219,0.0
2507111134,10.0,3.0,1.0,1.0,0.0,15.734185714285715,33.034450052034664,11.772222222222222,21.476639003883395,41.41111111111111,38.72210670287079,9.417910447761194,5.678639545064289,0.6384375,0.6484742085947586,0.6384375,0.6484742085947586,-17.611538461538462,2.7264727847814374,1.042591563153485,0.8194695709967081,36.16666666666667,6.644118158672909,0.22857142857142856,0.0
2507111137,10.0,3.0,1.0,1.0,0.0,23.17035294117647,29.674058165221965,13.411602209944752,24.6469627662943,40.58011049723757,38.59262975563988,8.461538461538462,3.597207784678811,0.7014159292035399,0.6870236885818177,0.7016814159292035,0.627052205981726,-17.168032786885245,2.9946902008233005,1.6677986258663273,0.7626531610849195,11.76666666666667,5.238786884829837,0.22058823529411764,0.0
2507111140,10.0,3.0,1.0,1.0,0.0,33.26766666666666,28.225196140737424,16.627777777777776,29.128096795072718,41.58611111111111,40.21409731322371,9.492753623188406,5.516347865811319,0.7095652173913044,0.8523223087997893,0.7213913043478261,0.6023679690182413,-15.264150943396226,3.1433748607570617,2.886954575086934,0.8584814186610664,97.5,6.828257536387038,0.375,0.0
2507111143,10.0,3.0,1.0,1.0,0.0,28.140588235294118,33.75118988648094,17.917127071823206,30.599436645555404,44.494475138121544,40.40393308486844,9.276923076923078,4.4070529137526115,0.6613559322033897,0.6878542322898349,0.671864406779661,0.649370436933589,-16.954166666666666,3.1537211228807074,2.356859053616912,0.5952871306367415,42.56666666666666,5.846435952806931,0.3382352941176471,0.0
2507111146,10.0,3.0,1.0,1.0,0.0,25.215688524590163,31.167485816975443,31.293628808864266,41.42714070597856,53.202216066481995,42.34167366093055,9.448275862068966,4.831085068606109,0.6557547169811321,0.6764162540825448,0.6673584905660377,0.6544678709226917,-17.11574074074074,3.0022448216713213,2.0464193506258583,0.8011719079557199,62.666666666666664,5.900388932462891,0.5737704918032787,0.0
2507111149,10.0,3.0,1.0,1.0,0.0,30.280410958904106,34.607100725636094,15.672222222222222,27.73940221344709,40.522222222222226,39.548419680516254,9.271428571428572,5.197327709593747,0.6998360655737704,0.6446999220042812,0.6997540983606558,0.6632894025948514,-20.558823529411764,5.490853596857657,2.4741283862769428,0.8827980831766994,77.06666666666666,6.525865343725189,0.4246575342465753,0.0
2507111152,10.0,3.0,1.0,1.0,0.0,25.429173913043478,35.487898947866945,15.12707182320442,26.94747916795358,42.290055248618785,39.68660275488551,8.393939393939394,4.014890698306408,0.628984375,0.6307286622813555,0.628984375,0.6307286622813557,-18.676923076923078,3.6929840250961536,1.958548215233166,0.8230427063329779,31.2,5.730904413472177,0.2318840579710145,0.0
2507111155,10.0,3.0,1.0,1.0,0.0,28.888352112676053,29.74667862184598,9.997222222222222,17.50137258622115,40.15833333333333,38.2696769712976,9.073529411764707,4.954467835846295,0.6331297709923664,0.6478106133139955,0.6332824427480915,0.6118954696402767,-18.185606060606062,2.9244692503547363,2.4581717737261375,0.8161906027851447,12.26666666666667,6.608691918451039,0.16901408450704225,0.0
2507111239,10.0,3.0,0.0,1.0,0.0,19.31423880597015,41.42479472017664,26.18888888888889,37.63944012337313,50.327777777777776,41.31566512187616,11.7890625,7.142698869871899,1.1375735294117648,0.8525260906823424,1.1347058823529412,1.412625578122222,-17.79854368932039,3.4360506307093353,1.4471845951431195,0.5329623099984033,1.8666666666666683,9.746511094077658,0.40298507462686567,0.0
2507111242,10.0,3.0,0.0,1.0,0.0,17.209388059701492,37.35644502948677,26.46556473829201,37.90087097787922,48.95316804407714,41.73688313672839,13.2109375,8.529386297397735,1.0332450331125829,0.8160845950176768,1.030066225165563,1.4157624549755239,-17.811363636363637,3.121431239963732,1.2774683412176786,0.7922837603267813,1.0666666666666664,10.853632958998944,0.6865671641791045,0.0
2507111245,10.0,3.0,0.0,1.0,0.0,33.38744,34.461533274872366,12.339779005524862,21.326976088801253,42.290055248618785,39.111905088662304,13.145833333333334,7.356999188727498,1.1242580645161289,0.7001390848717565,1.128774193548387,1.2158650041927397,-17.56910569105691,3.014021334279493,2.8581359395122394,0.8593571796915519,3.2,8.175908827552233,0.32,0.0
2507111312,10.0,3.0,0.0,1.0,0.0,18.966385714285714,37.24345134121689,13.964088397790055,24.021604608098993,41.81491712707182,38.910103062742245,12.843283582089553,6.626279961600087,0.8519047619047618,0.6018054144313641,0.8614285714285714,1.1655039871544621,-17.914728682170544,2.939410303721485,1.4761743372654814,0.8175559839004531,1.066666666666668,7.541548637926819,0.2571428571428571,0.0
2507111315,10.0,3.0,0.0,1.0,0.0,19.46355223880597,35.294001728890095,13.225,22.75231629825704,40.830555555555556,38.89227547486138,10.1328125,5.360060955332682,0.8261904761904763,0.5854333598668466,0.822857142857143,1.1530322123318029,-17.606299212598426,3.5807742363884807,1.4788694115164103,0.8414837378481141,1.0666666666666664,7.306188438243775,0.13432835820895522,0.0
2507111318,10.0,3.0,0.0,1.0,0.0,16.868561643835616,28.94438932149137,13.792817679558011,24.094657591438445,42.50276243093923,39.187258982813084,12.571428571428571,7.475757325167083,1.1764827586206896,0.7768745528598723,1.1731724137931034,1.3159015200024766,-17.273504273504273,2.999817326691087,1.3109310478775598,0.846299650714195,1.8666666666666658,9.845228188994682,0.3561643835616438,0.0
2507111321,10.0,3.0,0.0,1.0,0.0,19.17934210526316,33.519870463772236,10.152354570637119,16.07003945395618,39.26592797783933,38.18240108399738,14.157534246575343,9.06352169977362,1.076564417177914,0.7199797496878749,1.0883435582822085,1.2344520770859548,-18.169354838709676,2.89054183514235,1.482777188814921,0.8745687984203969,0.2666666666666667,10.63712147538693,0.39473684210526316,0.0
2507111358,10.0,3.0,0.0,1.0,0.0,28.52430985915493,28.529243959033415,22.83656509695291,34.889084465421774,48.20775623268698,40.86969191774663,11.426470588235293,6.9224619394282145,1.022111801242236,0.7055931989626603,1.026335403726708,1.3209389129710893,-17.864583333333332,2.654055053741598,2.338128207942152,0.7936413317617645,1.066666666666668,8.914069303672912,0.43661971830985913,0.0
2507111401,10.0,3.0,0.0,1.0,0.0,22.803257142857145,31.90526393835972,18.79224376731302,30.84294527127847,45.421052631578945,40.3339531632814,11.23134328358209,6.858301790179557,1.0412658227848102,0.7497768111030041,1.0304430379746836,1.2047196702950473,-17.058189655172413,2.958289340917772,1.8286666342448392,0.8153362624016754,1.066666666666667,7.404154598883025,0.4857142857142857,0.0
2507111404,10.0,3.0,0.0,1.0,0.0,26.330722222222224,37.60820808941049,14.112947658402204,24.500330877572082,41.15702479338843,39.268590965650404,12.101449275362318,6.894713784939904,1.1838297872340424,0.768033350814615,1.180567375886525,1.2655979800923274,-16.82300884955752,2.9324008584373056,2.094360772245404,0.8725288606407078,0.8,8.080762869052428,0.19444444444444445,0.0
2507111407,10.0,3.0,0.0,1.0,0.0,33.73572972972973,31.24258577616052,13.130193905817174,22.740253155437987,40.204986149584485,38.435329198860885,11.52112676056338,6.083017063410794,1.1458940397350994,0.7325665125872451,1.1345695364238413,1.244365292079641,-17.427083333333332,3.6404006141704603,2.8500783656420348,0.8822118403052643,0.26666666666666633,7.813096559917283,0.22972972972972974,0.0
2507111410,10.0,3.0,0.0,1.0,0.0,16.824042253521128,33.80834696784492,17.31301939058172,28.88086779286707,42.800554016620495,39.313329655233986,11.169117647058824,6.6294015673824,0.9932934131736527,0.5453377897746976,0.9894610778443115,1.2268198959956915,-17.53787878787879,3.114617845109306,1.2807086659349602,0.8420890315430933,8.266666666666662,6.891554260912891,0.323943661971831,0.0
2507111452,10.0,3.0,0.0,1.0,0.0,30.73126153846154,40.964545108497845,16.853591160220994,28.552194531289686,45.61602209944751,39.80832284919815,11.443548387096774,6.638520771850465,1.014228187919463,0.7266223053316475,1.0111409395973154,1.2018153668295979,-17.54398148148148,3.076863599045381,2.525188855100153,0.8319893337346153,1.0666666666666664,8.692977060794718,0.26153846153846155,0.0
2507111455,10.0,3.0,0.0,1.0,0.0,17.96646376811594,39.56797464326411,14.76388888888889,25.305538526161428,42.38333333333333,38.95984290691478,11.598484848484848,6.539206302055119,0.8479144385026738,0.616786184135918,0.8576470588235295,1.1913301608631266,-18.498015873015873,3.0978211749140754,1.3192946734061128,0.8308170030148483,3.2,8.969700088946913,0.2028985507246377,0.0
2507111458,10.0,3.0,0.0,1.0,0.0,19.15373333333333,39.94543077490582,11.210526315789474,18.6001792106062,40.08310249307479,37.77431177861218,12.5625,6.572584243382784,0.9424864864864864,0.6502100672935408,0.9457837837837838,1.1812413131756763,-17.268796992481203,3.013640715146862,1.3923135084806406,0.8504388589027003,3.2,8.465918103749152,0.29333333333333333,0.0
2507111501,10.0,3.0,0.0,1.0,0.0,21.388597222222224,34.05216242752308,18.168975069252078,29.770916667519266,44.21329639889197,39.65632134622021,11.5,7.077516575460097,0.8932620320855614,0.6719467391224948,0.8901604278074867,1.2235702544900862,-17.887795275590552,2.3542238007009932,1.6606106636512896,0.7920959392235782,0.8,8.675219185642899,0.4027777777777778,0.0
